{"Mods":[{"Author":"Paramonov95","Name":"Ancient Weaponry","Folder":"AncientWeaponry","Version":"36310271995674624","Description":"A collection of ancient weapons balanced with vanilla. Artifacts are randomly spawned in valuable chests and at traders. Thank you for choosing the proper version. Don't forget to keep an eye out for updates!","UUID":"10de0de4-0bca-4efb-9534-282af45921f6","Created":"2023-12-07T11:14:04.1333037+06:00","Dependencies":[],"Group":"44c943d2-89d6-49bf-80a6-2408da22ad02"}],"MD5":"5608a216c53a23969b4e71a33219f8c1"}